{
  "bedrooms": 0.05131922662258148,
  "bathrooms": 0.0280905794352293,
  "review_score": 0.0032577752135694027,
  "occupancy_rate": 0.01443994790315628,
  "distance_to_beach_km": 0.07681230455636978,
  "distance_to_airport_km": 0.015427268110215664,
  "num_reviews": 0.014951415359973907,
  "amenity_count": 0.006068128626793623,
  "has_pool": 0.003727519419044256,
  "has_wifi": 0.0012298279907554388,
  "has_ac": 0.008946140296757221,
  "has_parking": 0.015054389834403992,
  "city_enc": 0.25193333625793457,
  "area_enc": 0.05152011290192604,
  "property_type_enc": 0.4572220742702484
}